,jasmin_name,latitude,longitude,Area
0,acamarachi,-23.291999999999998,-67.618,South America
1,acatenango,14.501,-90.876,Mexico and Central America
2,acigol_nevsehir,38.57,34.52,Mediterranean and W. Asia
3,,-18.37,-69.05,South America
4,,51.988,-176.592,Alaska
5,adams,46.206,-121.49,Canada and Western USA
6,,-25.37,-129.27,Hawaii and Pacific Ocean
7,adwa,10.07,40.84,Africa and Red Sea
8,agua,14.465,-90.743,Mexico and Central America
9,,37.77,-25.47,Atlantic Ocean
10,,-24.45,-68.4,South America
11,aguilera,-50.33,-73.75,South America
12,agung,-8.342,115.508,Indonesia
13,aira,31.593000000000004,130.657,"Japan, Taiwan, Marianas"
14,akademia_nauk,53.98,159.45,Kamchatka and Mainland Asia
15,akhtang,55.43,158.65,Kamchatka and Mainland Asia
16,akutan,54.13399999999999,-165.986,Alaska
17,,31.08,38.42,Middle East and Indian Ocean
18,,37.583,1100.0,Middle East and Indian Ocean
19,,50.861000000000004,155.565,Kuril Islands
20,alayta,12.888,40.573,Africa and Red Sea
21,,41.73,12.7,Mediterranean and W. Asia
22,alcedo,-0.43,-91.12,South America
23,ale_bagu,13.52,40.63,Africa and Red Sea
24,,-33.763000000000005,-80.811,South America
25,alid,14.88,39.92,Africa and Red Sea
26,aliso,-0.53,-78.0,South America
27,,60.42,-135.42,Canada and Western USA
28,almolonga,14.797,-91.51899999999999,Mexico and Central America
29,alney-chashakondzha,56.7,159.65,Kamchatka and Mainland Asia
30,alngey,57.7,160.4,Kamchatka and Mainland Asia
31,alu-dalafilla,13.793,40.55,Africa and Red Sea
32,alutu,7.77,38.78,Africa and Red Sea
33,,55.424,-163.149,Alaska
34,amasing,-0.53,127.48,Indonesia
35,ambalatungan_group,17.32,121.1,Philippines and SE Asia
36,ambang,0.75,124.42,Indonesia
37,,-4.08,153.65,Melanesia and Australia
38,,-12.6,49.15,Middle East and Indian Ocean
39,,-16.25,168.12,Melanesia and Australia
40,,42.9,11.63,Mediterranean and W. Asia
41,amorong,15.828,120.805,Philippines and SE Asia
42,,-37.83,77.52,Middle East and Indian Ocean
43,amukta,52.5,-171.252,Alaska
44,anaun,56.32,158.83,Kamchatka and Mainland Asia
45,andahua-orcopampa,-15.42,-72.33,South America
46,,-75.8,-132.33,Antarctica
47,,-20.2,169.78,Melanesia and Australia
48,aniakchak,56.88,-158.17,Alaska
49,,-14.3,48.67,Middle East and Indian Ocean
50,,-19.4,47.2,Middle East and Indian Ocean
51,antillanca_group,-40.771,-72.153,South America
52,antisana,-0.48100000000000004,-78.141,South America
53,antofagasta_volcanic_field,-26.12,-67.4,South America
54,,-25.55,-67.92,South America
55,antuco,-37.406,-71.34899999999999,South America
56,,-15.4,167.83,Melanesia and Australia
57,apagado,-22.05,-67.97,South America
58,,-41.88,-72.58,South America
59,apaneca_range,13.890999999999998,-89.786,Mexico and Central America
60,apastepeque_field,13.72,-88.77,Mexico and Central America
61,apo,6.989,125.26899999999999,Philippines and SE Asia
62,apoyeque,12.242,-86.34200000000001,Mexico and Central America
63,aracar,-24.29,-67.783,South America
64,aragats,40.53,44.2,Mediterranean and W. Asia
65,ararat,39.7,44.3,Mediterranean and W. Asia
66,arayat,15.2,120.742,Philippines and SE Asia
67,ardoukoba,11.58,42.47,Africa and Red Sea
68,arenal,10.463,-84.70299999999999,Mexico and Central America
69,arenales,-47.2,-47.2,South America
70,,-18.75,-69.05,South America
71,arjuno-welirang,-7.733,112.575,Indonesia
72,,47.5,120.7,Kamchatka and Mainland Asia
73,asacha,52.355,157.827,Kamchatka and Mainland Asia
74,asavyo,13.07,41.6,Africa and Red Sea
75,,-7.95,-14.37,Atlantic Ocean
76,askja,65.03,-16.75,Iceland and Arctic Ocean
77,assab_volcanic_field,12.95,42.43,Africa and Red Sea
78,atacazo,-0.353,-78.617,South America
79,atakor_volcanic_field,23.33,5.83,Africa and Red Sea
80,,14.583,-91.186,Mexico and Central America
81,atka,52.332,-174.137,Alaska
82,,59.68,-133.32,Canada and Western USA
83,,-37.738,-68.92399999999999,South America
84,,-21.22,-68.47,South America
85,auckland_field,-36.9,174.87,New Zealand to Fiji
86,augustine,59.363,-153.43,Alaska
87,avachinsky,53.256,158.836,Kamchatka and Mainland Asia
88,awu,3.6889999999999996,125.447,Indonesia
89,,45.95,-130.0,Hawaii and Pacific Ocean
90,ayelu,10.082,40.702,Africa and Red Sea
91,azas_plateau,52.52,98.6,Kamchatka and Mainland Asia
92,azufral,1.08,-77.68,South America
93,,19.523,121.94,Philippines and SE Asia
94,bachelor,43.979,-121.68799999999999,Canada and Western USA
95,bagana,-6.1370000000000005,155.196,Melanesia and Australia
96,bagana,-37.77,142.5,Melanesia and Australia
97,bakening,53.905,158.07,Kamchatka and Mainland Asia
98,baker,48.777,-121.81299999999999,Canada and Western USA
99,,8.77,124.98,Philippines and SE Asia
100,balbi,-5.92,154.98,Melanesia and Australia
101,,-2.57,147.28,Melanesia and Australia
102,baluran,-7.85,114.37,Indonesia
103,balut,5.4,125.375,Philippines and SE Asia
104,bam,-3.613,144.81799999999998,Melanesia and Australia
105,bamus,-5.2,151.23,Melanesia and Australia
106,banahaw,14.07,121.48,Philippines and SE Asia
107,banda_api,-4.523,129.881,Indonesia
108,,3.138,125.491,Indonesia
109,,19.3,-110.82,Mexico and Central America
110,bardarbunga,64.42,-17.33,Iceland and Arctic Ocean
111,barkhatnaya_sopka,52.823,158.27,Kamchatka and Mainland Asia
112,baru,8.808,-82.54299999999999,Mexico and Central America
113,barva,10.135,-84.1,Mexico and Central America
114,barva,10.2,-84.23299999999999,Mexico and Central America
115,,10.8,107.2,Philippines and SE Asia
116,batu_tara,-7.791,123.585,Indonesia
117,batur,-8.242,115.375,Indonesia
118,bayuda_volcanic_field,18.33,32.75,Africa and Red Sea
119,bazman,28.07,60.0,Middle East and Indian Ocean
120,behm_canal-rudyerd_bay,55.32,-131.05,Alaska
121,belenkaya,51.75,157.27,Kamchatka and Mainland Asia
122,,-2.82,102.18,Indonesia
123,belknap,44.285,-121.84100000000001,Canada and Western USA
124,bely,57.88,160.53,Kamchatka and Mainland Asia
125,,-76.05,-136.0,Antarctica
126,beru,8.95,39.75,Africa and Red Sea
127,berutarubesan,44.461999999999996,146.93200000000002,Kuril Islands
128,besar,-4.43,103.67,Indonesia
129,bezymianny,55.972,160.595,Kamchatka and Mainland Asia
130,bibinoi,-0.77,127.72,Indonesia
131,bilate_river_field,7.07,38.1,Africa and Red Sea
132,biliran,11.523,124.535,Philippines and SE Asia
133,billy_mitchell,-6.0920000000000005,155.225,Melanesia and Australia
134,,15.55,50.63,Middle East and Indian Ocean
135,bishoftu_volcanic_field,8.78,38.98,Africa and Red Sea
136,,10.75,12.0,Africa and Red Sea
137,,10.75,12.088,Africa and Red Sea
138,black_butte_crater_lava_field,43.183,-114.352,Canada and Western USA
139,black_peak,56.552,-158.785,Alaska
140,black_rock_desert,38.97,-112.5,Canada and Western USA
141,black_rock_desert,38.97,-112.5,Canada and Western USA
142,bliznets,56.97,159.78,Kamchatka and Mainland Asia
143,bliznetsy,57.35,161.37,Kamchatka and Mainland Asia
144,blue_lake_crater,44.411,-121.774,Canada and Western USA
145,bobrof,51.91,-177.438,Alaska
146,,0.25,36.08,Africa and Red Sea
147,bogoslof,53.93,-168.03,Alaska
148,bolshe-bannaya,52.9,157.78,Kamchatka and Mainland Asia
149,bolshoi_payalpan,55.88,157.78,Kamchatka and Mainland Asia
150,bolshoi_semiachik,54.32,160.02,Kamchatka and Mainland Asia
151,bolshoi-kekuknaysky,56.47,157.8,Kamchatka and Mainland Asia
152,,-37.721,77.825,Middle East and Indian Ocean
153,bora_ale,13.725,40.6,Africa and Red Sea
154,bora-bericcio,8.27,39.03,Africa and Red Sea
155,borawli,11.63,41.45,Africa and Red Sea
156,boset-bericha,8.558,39.475,Africa and Red Sea
157,,-54.42,3.35,Atlantic Ocean
158,,14.85,-24.72,Atlantic Ocean
159,brennisteinsfjoll,63.92,-21.83,Iceland and Arctic Ocean
160,bridge_river_cones,50.8,-123.4,Canada and Western USA
161,,-62.06100000000001,-56.93,Antarctica
162,,-59.063,-26.587,Antarctica
163,,-34.875,179.075,New Zealand to Fiji
164,,-66.78,163.25,Antarctica
165,bufumbira,-1.23,29.72,Africa and Red Sea
166,bukit_daun,-3.38,102.37,Indonesia
167,bukit_lumut_balai,-4.22,103.62,Indonesia
168,,52.35,175.922,Alaska
169,bulusan,12.77,124.05,Philippines and SE Asia
170,bunyaruguru,-0.2,30.08,Africa and Red Sea
171,bur_ni_telong,4.769,96.821,Indonesia
172,,47.12,109.08,Kamchatka and Mainland Asia
173,butajiri-silti_field,8.05,38.35,Africa and Red Sea
174,buyan-bratan,-8.283,115.133,Indonesia
175,,64.07,-148.42,Alaska
176,cabalian,10.285,125.21799999999999,Philippines and SE Asia
177,caburgua-huelemolle,-39.25,-71.75,South America
178,,18.222,122.12299999999999,Philippines and SE Asia
179,caichinque,-23.949,-67.74,South America
180,calabozos,-35.558,-70.49600000000001,South America
181,calatrava_volcanic_field,38.87,4.02,Mediterranean and W. Asia
182,calbuco,-41.326,-72.61399999999999,South America
183,caldera_del_atuel,-34.65,-70.05,South America
184,callaqui,-37.92,-71.45,South America
185,,4.203,9.17,Africa and Red Sea
186,camiguin,9.203,124.67299999999999,Philippines and SE Asia
187,camiguin_de_babuyanes,18.83,121.86,Philippines and SE Asia
188,campi_flegrei,40.827,14.139000000000001,Mediterranean and W. Asia
189,campi_flegrei,40.821,14.425999999999998,Mediterranean and W. Asia
190,,-21.5,-68.12,South America
191,,-57.08,-26.67,Antarctica
192,,-24.02,-67.85,South America
193,,-18.07,-69.22,South America
194,carlisle,52.894,-170.054,Alaska
195,carran_los_venados,-40.35,-72.07,South America
196,carrizozo,33.78,-105.93,Canada and Western USA
197,cay,-45.059,-72.984,South America
198,cayambe,0.028999999999999998,-77.986,South America
199,cayley_volcanic_field,50.12,-123.28,Canada and Western USA
200,cayutue_la_vigueria,-41.25,-72.27,South America
201,ceboruco,21.125,-104.508,Mexico and Central America
202,,10.158,109.014,Philippines and SE Asia
203,central_island,3.5,36.042,Africa and Red Sea
204,cereme,-6.892,108.4,Indonesia
205,,-21.68,-68.12,South America
206,cerro_auquihuato,-15.07,-73.18,South America
207,cerro_azul,-0.92,-91.40799999999999,South America
208,,-35.653,-70.76100000000001,South America
209,cerro_bayo_gorbea,-25.414,-68.58800000000001,South America
210,cerro_blanco,-26.789,-67.765,South America
211,cerro_bravo,5.091,-75.293,South America
212,,-19.55,-68.68,South America
213,,-21.88,-67.9,South America
214,cerro_cinotepeque,14.02,-89.25,Mexico and Central America
215,,-26.18,-68.37,South America
216,,-20.63,-68.45,South America
217,,-25.25,-68.63,South America
218,,-23.398000000000003,-67.582,South America
219,cerro_del_azufre,-21.787,-68.237,South America
220,,-22.142,-68.108,South America
221,cerro_el_ciguatepe,12.53,-86.14200000000001,Mexico and Central America
222,,-25.93,-66.92,South America
223,cerro_hudson,-45.9,-72.97,South America
224,,-39.35,-71.55,South America
225,,-21.68,-67.47,South America
226,,-20.52,-68.68,South America
227,cerro_negro,12.505999999999998,-86.70200000000001,Mexico and Central America
228,,-35.58,-68.48899999999999,South America
229,cerro_nicholson,-16.261,-71.75399999999999,South America
230,cerro_overo,-23.52,-67.67,South America
231,cerro_pantojo,-40.768,-71.943,South America
232,cerro_prieto,32.418,115.305,Mexico and Central America
233,,-16.236,-69.471,South America
234,,-21.25,-67.75,South America
235,cerro_santiago,14.33,-89.87,Mexico and Central America
236,cerro_singuil,14.05,-89.65,Mexico and Central America
237,,-19.5,-69.12,South America
238,,-39.17,-71.4,South America
239,,-23.83,-67.95,South America
240,,-22.82,-67.18,South America
241,,-22.439,-67.888,South America
242,,-17.32,-69.9,South America
243,,38.33,127.33,Kamchatka and Mainland Asia
244,chacana,-0.375,-78.25,South America
245,chachadake,44.353,146.252,Kuril Islands
246,chachimbiro,0.46799999999999997,-78.28699999999999,South America
247,chagulak,52.577,-171.13,Alaska
248,chaine_des_puys,45.775,2.97,Mediterranean and W. Asia
249,chaiten,-42.833,-72.646,South America
250,changbaishan,41.98,128.08,Kamchatka and Mainland Asia
251,cherny,56.82,159.67,Kamchatka and Mainland Asia
252,cherpuk_group,55.55,157.47,Kamchatka and Mainland Asia
253,chichinautzin,19.08,-99.13,Mexico and Central America
254,chiginagak,57.135,-156.99,Alaska
255,,50.324,155.461,Kuril Islands
256,chiles_cerro_negro,0.8170000000000001,-77.938,South America
257,chiliques,-23.58,-67.7,South America
258,chimborazo,-1.464,-78.815,South America
259,chinameca,13.478,-88.33,Mexico and Central America
260,chingo,14.12,-89.73,Mexico and Central America
261,chiquimula_volcanic_field,14.83,-89.55,Mexico and Central America
262,chiracha,6.712000000000001,38.085,Africa and Red Sea
263,,48.98,153.48,Kuril Islands
264,chirippusan,45.338,147.92,Kuril Islands
265,chirpoi,46.525,150.875,Kuril Islands
266,,61.38,-141.75,Alaska
267,chyulu_hills,2.68,37.88,Africa and Red Sea
268,cinnamon_butte,43.24100000000001,-122.10799999999999,Canada and Western USA
269,,-36.446,177.83900000000003,New Zealand to Fiji
270,clear_lake,38.97,-122.77,Canada and Western USA
271,,44.83,-130.3,Hawaii and Pacific Ocean
272,cleveland,52.825,-169.94400000000002,Alaska
273,coatepeque_caldera,13.87,-89.55,Mexico and Central America
274,,46.52,-129.58,Hawaii and Pacific Ocean
275,,46.88,-129.33,Hawaii and Pacific Ocean
276,,-36.739000000000004,-69.834,South America
277,cofre_de_perote,19.492,-97.15,Mexico and Central America
278,colachi,-23.236,-67.645,South America
279,colima,19.514,-103.62,Mexico and Central America
280,colo,-0.162,121.601,Indonesia
281,comondu-la_purisima,26.0,111.92,Mexico and Central America
282,concepcion,11.538,-85.62200000000001,Mexico and Central America
283,copahue,-37.856,-71.183,South America
284,copiapo,-27.3,-69.13,South America
285,corbetti,7.18,38.43,Africa and Red Sea
286,corcovado,-43.18899999999999,-72.794,South America
287,cordon_de_puntas_negras,-23.743000000000002,-67.53399999999999,South America
288,cordon_del_azufre,-25.336,-68.521,South America
289,coronado,29.08,-113.51299999999999,Mexico and Central America
290,coropuna,-15.52,-72.65,South America
291,,39.699,-31.111,Atlantic Ocean
292,cosiguina,12.98,-87.57,Mexico and Central America
293,,36.03,-117.82,Canada and Western USA
294,cotopaxi,-0.677,-78.436,South America
295,crater_basalt_volcanic_field,-42.018,-70.194,South America
296,crater_lake,42.93,-122.12,Canada and Western USA
297,craters_of_the_moon,43.42,-113.5,Canada and Western USA
298,crow_lagoon,54.7,-130.23,Canada and Western USA
299,cu-lao_re_group,15.38,109.12,Philippines and SE Asia
300,cuernos_de_negros,9.25,123.17,Philippines and SE Asia
301,,-41.363,-72.005,South America
302,cuicocha,0.308,-78.36399999999999,South America
303,cuilapa-barbarena,14.33,-90.4,Mexico and Central America
304,cumbal,0.95,-77.87,South America
305,,-30.541999999999998,-178.56099999999998,New Zealand to Fiji
306,,-23.17,-67.07,South America
307,dabbahu,12.595,40.48,Africa and Red Sea
308,dabbayra,12.38,40.07,Africa and Red Sea
309,,33.95,67.92,Middle East and Indian Ocean
310,dama_ali,11.28,41.63,Africa and Red Sea
311,damavand,35.951,52.108999999999995,Middle East and Indian Ocean
312,,55.641000000000005,-161.214,Alaska
313,dar_alages,39.704,45.551,Mediterranean and W. Asia
314,,45.33,114.0,Kamchatka and Mainland Asia
315,davidof,51.97,178.33,Alaska
316,davis_lake,43.57,-170.82,Canada and Western USA
317,,-63.001000000000005,-60.652,Antarctica
318,dempo,-4.03,103.13,Indonesia
319,denison,58.418,-154.44899999999998,Alaska
320,descabezado_grande,-35.58,-70.75,South America
321,,-22.27,-67.97,South America
322,devils_garden,43.512,-120.861,Canada and Western USA
323,diamond_craters,43.1,-118.75,Canada and Western USA
324,didicas,19.077,122.20200000000001,Philippines and SE Asia
325,dieng_volcanic_complex,-7.2,109.92,Indonesia
326,diky_greben,51.452,156.97799999999998,Kamchatka and Mainland Asia
327,dofan,9.78,40.33,Africa and Red Sea
328,domuyo,-36.638000000000005,-70.432,South America
329,,38.23,-26.63,Atlantic Ocean
330,dona_juana,1.5,-76.936,South America
331,dotsero,39.661,-107.035,Canada and Western USA
332,douglas,58.855,-153.542,Alaska
333,dubbi,13.579,41.809,Africa and Red Sea
334,dukono,1.693,127.89399999999999,Indonesia
335,duncan_canal,56.5,-133.1,Alaska
336,,24.15,104.45,Mexico and Central America
337,,55.183,-162.276,Alaska
338,dzenzursky,53.637,158.922,Kamchatka and Mainland Asia
339,,44.266999999999996,-129.879,Hawaii and Pacific Ocean
340,,85.60799999999999,85.25,Iceland and Arctic Ocean
341,east_zway,7.95,38.93,Africa and Red Sea
342,,-27.15,-109.38,South America
343,,50.68600000000001,156.014,Kuril Islands
344,ebulobo,-8.82,121.18,Indonesia
345,edgecumbe,57.05,-135.75,Alaska
346,edziza,57.72,-130.63,Canada and Western USA
347,eggella,56.57,158.52,Kamchatka and Mainland Asia
348,egon,-8.676,122.455,Indonesia
349,,48.958,153.93,Kuril Islands
350,,27.554000000000002,-112.552,Mexico and Central America
351,,-25.37,-68.88,South America
352,el_chichon,17.36,-93.228,Mexico and Central America
353,el_condor,-26.631999999999998,-68.361,South America
354,el_misti,-16.294,-71.40899999999999,South America
355,el_negrillar,-24.18,-68.25,South America
356,el_solo,-27.105,-68.71300000000001,South America
357,el_tigre,13.47,-88.43,Mexico and Central America
358,el_valle,8.58,-80.17,Mexico and Central America
359,,-22.33,-67.97,South America
360,elbrus,43.351000000000006,42.442,Mediterranean and W. Asia
361,elmenteita_badlands,-0.52,36.27,Africa and Red Sea
362,elovsky,57.55,160.53,Kamchatka and Mainland Asia
363,emi_koussi,19.8,18.53,Africa and Red Sea
364,,55.341,-162.07299999999998,Alaska
365,emuruangogolak,1.5,36.33,Africa and Red Sea
366,,47.95,-129.1,Hawaii and Pacific Ocean
367,erciyes_dagi,38.52,35.48,Mediterranean and W. Asia
368,,-77.53,167.17,Antarctica
369,erta_ale,13.6,40.67,Africa and Red Sea
370,,33.25,37.07,Middle East and Indian Ocean
371,,-21.6,-66.88,South America
372,,40.98,-127.5,Hawaii and Pacific Ocean
373,escorial,-25.083000000000002,-68.367,South America
374,esjufjoll,64.27,-16.65,Iceland and Arctic Ocean
375,esteli,13.17,-86.4,Mexico and Central America
376,etna,37.734,15.004000000000001,Mediterranean and W. Asia
377,etorofu-atosanupuri,44.808,147.131,Kuril Islands
378,etorofu-yakeyama,45.012,147.871,Kuril Islands
379,,48.38399999999999,-35.132,Atlantic Ocean
380,eyjafjallajokull,63.63,-19.62,Iceland and Arctic Ocean
381,,-26.8,-68.37,South America
382,fayal,38.6,-28.73,Atlantic Ocean
383,fedotych,57.13,160.4,Kamchatka and Mainland Asia
384,fentale,8.975,39.93,Africa and Red Sea
385,fernandina,-0.37,-91.55,South America
386,fisher,54.65,-164.43,Alaska
387,flores,14.308,-89.992,Mexico and Central America
388,,39.461999999999996,-31.215999999999998,Atlantic Ocean
389,,14.95,-24.35,Atlantic Ocean
390,fort_portal,0.7,30.25,Africa and Red Sea
391,,62.93,-137.38,Canada and Western USA
392,fourpeaked,58.77,-153.672,Alaska
393,fremrinamar,65.43,-16.65,Iceland and Arctic Ocean
394,,55.067,-162.835,Alaska
395,fuego,14.472999999999999,-90.88,Mexico and Central America
396,,-54.97,-70.262,South America
397,fuerteventura,28.358,-147.02,Atlantic Ocean
398,,37.77,-25.32,Atlantic Ocean
399,,50.266999999999996,155.246,Kuril Islands
400,gabillema,11.08,41.27,Africa and Red Sea
401,gada_ale,13.975,40.408,Africa and Red Sea
402,galeras,1.22,-77.37,South America
403,galunggung,-7.25,108.05799999999999,Indonesia
404,gamalama,0.8,127.33,Indonesia
405,gamchen,54.974,160.703,Kamchatka and Mainland Asia
406,gamkonora,1.38,127.53,Indonesia
407,gareloi,51.79,-178.794,Alaska
408,garibaldi,49.85,-123.0,Canada and Western USA
409,,49.92,-123.03,Canada and Western USA
410,gedamsa,8.35,39.18,Africa and Red Sea
411,gede-pangrango,-6.77,106.965,Indonesia
412,,-24.75,-66.17,South America
413,geodesistoy,56.33,158.67,Kamchatka and Mainland Asia
414,,4.813,96.82,Indonesia
415,,64.32,-20.3,Iceland and Arctic Ocean
416,ghegam_ridge,40.275,44.75,Mediterranean and W. Asia
417,,-30.035999999999998,-178.71200000000002,New Zealand to Fiji
418,glacier_peak,48.111999999999995,-121.113,Canada and Western USA
419,,33.1,35.97,Middle East and Indian Ocean
420,golaya,52.263000000000005,157.787,Kamchatka and Mainland Asia
421,golden_trout_creek,36.358000000000004,-118.32,Canada and Western USA
422,gollu_dag,38.35,34.57,Mediterranean and W. Asia
423,,62.13,-143.08,Alaska
424,gorely,52.559,158.03,Kamchatka and Mainland Asia
425,gorny_institute,57.33,160.2,Kamchatka and Mainland Asia
426,graciosa,39.02,-27.97,Atlantic Ocean
427,gran_canaria,28.0,-15.58,Atlantic Ocean
428,granada,11.92,-85.98,Mexico and Central America
429,great_sitkin,52.076,-176.13,Alaska
430,,64.02,-21.17,Iceland and Arctic Ocean
431,griggs,58.354,-155.092,Alaska
432,grimsnes,64.03,-20.87,Iceland and Arctic Ocean
433,grimsvotn,64.416,-17.316,Iceland and Arctic Ocean
434,groppo,11.73,40.25,Africa and Red Sea
435,,29.07,-118.28,Mexico and Central America
436,guagua_pichincha,-0.171,-78.598,South America
437,guallatiri,-18.42,-69.092,South America
438,guayaques,-22.895,-67.566,South America
439,guazapa,13.9,-89.12,Mexico and Central America
440,gufa,12.55,42.53,Africa and Red Sea
441,guntur,-7.143,107.84,Indonesia
442,,-6.642,126.65,Indonesia
443,,19.7,110.1,Philippines and SE Asia
444,haleakala,20.708000000000002,-156.25,Hawaii and Pacific Ocean
445,halla,33.361,126.53,Kamchatka and Mainland Asia
446,hanish,13.72,42.73,Africa and Red Sea
447,,13.58,46.12,Middle East and Indian Ocean
448,,15.63,44.08,Middle East and Indian Ocean
449,,14.05,48.33,Middle East and Indian Ocean
450,,14.57,44.67,Middle East and Indian Ocean
451,,18.37,41.63,Middle East and Indian Ocean
452,,27.8,36.17,Middle East and Indian Ocean
453,,26.58,40.2,Middle East and Indian Ocean
454,,25.0,39.92,Middle East and Indian Ocean
455,,22.8,41.38,Middle East and Indian Ocean
456,,25.17,37.75,Middle East and Indian Ocean
457,,23.08,39.78,Middle East and Indian Ocean
458,,27.08,37.25,Middle East and Indian Ocean
459,,27.25,17.5,Africa and Red Sea
460,hasan_dagi,38.13,34.17,Mediterranean and W. Asia
461,,11.6,108.2,Philippines and SE Asia
462,,-31.11,179.04,New Zealand to Fiji
463,,61.64,-152.411,Alaska
464,hayli_gubbi,13.5,40.72,Africa and Red Sea
465,,-35.004,178.97299999999998,New Zealand to Fiji
466,,-53.106,73.513,Middle East and Indian Ocean
467,heart_peaks,58.6,-131.97,Canada and Western USA
468,,-23.23,-67.75,South America
469,hekla,63.98,-19.7,Iceland and Arctic Ocean
470,helgrindur,64.87,-23.25,Iceland and Arctic Ocean
471,hells_half_acre,43.5,-112.45,Canada and Western USA
472,hengill,64.08,-21.32,Iceland and Arctic Ocean
473,herbert,52.742,-170.111,Alaska
474,hertali,9.78,40.33,Africa and Red Sea
475,,27.73,-18.03,Atlantic Ocean
476,hiri,0.9,127.32,Indonesia
477,,-56.711999999999996,-27.176,Antarctica
478,hofsjokull,64.78,-18.92,Iceland and Arctic Ocean
479,homa_mountain,-0.38,34.5,Africa and Red Sea
480,honggeertu,41.47,113.0,Kamchatka and Mainland Asia
481,hood,45.373999999999995,-121.695,Canada and Western USA
482,hoodoo_mountain,56.78,-131.28,Canada and Western USA
483,,-41.873999999999995,-72.431,South America
484,hromundartindur,64.07300000000001,-21.201999999999998,Iceland and Arctic Ocean
485,hualalai,19.692,-155.87,Hawaii and Pacific Ocean
486,hululais,19.692,-155.87,Hawaii and Pacific Ocean
487,huambo,-15.83,-72.13,South America
488,,13.58,-71.72,South America
489,huanquihue_group,-39.887,-71.58,South America
490,huaynaputina,-16.608,70.85,South America
491,,-74.33,-99.42,Antarctica
492,huequi,-42.376999999999995,72.578,South America
493,hulubelu,-5.334,104.59,Indonesia
494,,-2.33,101.6,Indonesia
495,,64.75,-19.98,Iceland and Arctic Ocean
496,ibu,1.4880000000000002,127.63,Indonesia
497,ichinsky,55.578,157.718,Kamchatka and Mainland Asia
498,igwisi_hills,-4.891,31.93,Africa and Red Sea
499,ijen,-8.058,114.242,Indonesia
500,iktunup,58.08,160.77,Kamchatka and Mainland Asia
501,,-46.1,50.23,Middle East and Indian Ocean
502,,-46.43,52.2,Middle East and Indian Ocean
503,,-46.42,51.75,Middle East and Indian Ocean
504,,60.032,-153.09,Alaska
505,iliboleng,-8.342,123.258,Indonesia
506,iliinsky,51.498000000000005,157.203,Kamchatka and Mainland Asia
507,ililabalekan,-8.55,123.38,Indonesia
508,ilimuda,-8.479,122.76100000000001,Indonesia
509,iliwerung,-8.53,123.57,Indonesia
510,illiniza,-0.659,-78.714,South America
511,ilopango,13.672,-89.053,Mexico and Central America
512,imbabura,0.258,-78.183,South America
513,,65.6,-163.92,Alaska
514,,23.0,10.83,Africa and Red Sea
515,,-21.980999999999998,-68.071,South America
516,,-24.03,-67.53,South America
517,,-27.9,-68.8,South America
518,indian_heaven,45.93,-121.82,Canada and Western USA
519,infiernillo,-35.123000000000005,-69.9,South America
520,,61.43,-164.47,Alaska
521,inielika,-8.73,120.98,Indonesia
522,inierie,-8.875,120.95,Indonesia
523,,37.692,-119.02,Canada and Western USA
524,ipala,14.55,-89.63,Mexico and Central America
525,,20.469,122.01,Philippines and SE Asia
526,irazu,9.979,-83.852,Mexico and Central America
527,iriga,13.457,123.45700000000001,Philippines and SE Asia
528,irruputuncu,-20.73,-68.55,South America
529,,54.765,-163.72299999999998,Alaska
530,isarog,13.658,123.38,Philippines and SE Asia
531,ischia,40.73,13.897,Mediterranean and W. Asia
532,iskut-unuk_river_cones,56.58,-130.55,Canada and Western USA
533,isla_el_tigre,13.272,-87.641,Mexico and Central America
534,isla_isabel,21.848000000000003,-105.88600000000001,Mexico and Central America
535,isla_san_luis,29.97,-114.4,Mexico and Central America
536,isla_tortuga,27.438000000000002,-111.881,Mexico and Central America
537,isla_zacate_grande,13.33,-87.63,Mexico and Central America
538,isluga,-19.15,-68.83,South America
539,,-19.0,46.77,Middle East and Indian Ocean
540,ivao_group,45.77,149.68,Kuril Islands
541,ixtepeque,14.42,-89.68,Mexico and Central America
542,iya,-8.897,121.645,Indonesia
543,iyang-argapura,-7.97,113.57,Indonesia
544,izalco,13.812999999999999,-89.633,Mexico and Central America
545,iztaccihuatl,19.179000000000002,-98.64200000000001,Mexico and Central America
546,,-8.976,33.38,Africa and Red Sea
547,,32.658,36.425,Middle East and Indian Ocean
548,,15.245,44.236000000000004,Middle East and Indian Ocean
549,,15.43,44.78,Middle East and Indian Ocean
550,,17.05,42.83,Middle East and Indian Ocean
551,,42.15,-127.05,Hawaii and Pacific Ocean
552,jailolo,1.08,127.439,Indonesia
553,jalua,15.042,39.82,Africa and Red Sea
554,,-64.15,-57.75,Antarctica
555,,71.08,-8.17,Iceland and Arctic Ocean
556,jaraguay_volcanic_field,29.33,-114.5,Mexico and Central America
557,jatun_mundo_quri_warani,-19.78,-66.48,South America
558,jebel_at_tair,15.55,41.83,Africa and Red Sea
559,jebel_marra,12.95,24.27,Africa and Red Sea
560,jebel_zubair_group,15.05,42.18,Africa and Red Sea
561,jefferson,44.674,-121.8,Canada and Western USA
562,,44.08,128.83,Kamchatka and Mainland Asia
563,,19.73,-99.758,Mexico and Central America
564,,6.013,121.057,Philippines and SE Asia
565,jom-bolok,52.7,98.98,Kamchatka and Mainland Asia
566,,-22.08,-67.77,South America
567,jordan_craters,43.147,-117.46,Canada and Western USA
568,jumaytepeque,14.335999999999999,-90.26899999999999,Mexico and Central America
569,kaba,-3.52,102.62,Indonesia
570,kagamil,60.974,-169.72,Alaska
571,kaguyak,58.608000000000004,-154.028,Alaska
572,kaikohe-bay_of_islands,-35.3,173.9,New Zealand to Fiji
573,kaileney,57.8,160.67,Kamchatka and Mainland Asia
574,kalatungan,7.95,124.8,Philippines and SE Asia
575,kambalny,51.306000000000004,156.875,Kamchatka and Mainland Asia
576,kamen,56.02,160.593,Kamchatka and Mainland Asia
577,kanaga,51.923,-177.168,Alaska
578,kanlaon,10.412,123.132,Philippines and SE Asia
579,karaca_dag,37.67,39.83,Mediterranean and W. Asia
580,karang,-6.27,106.042,Indonesia
581,,2.781,125.40700000000001,Indonesia
582,karapinar_field,37.67,33.65,Mediterranean and W. Asia
583,karisimbi,-1.506,29.45,Africa and Red Sea
584,,50.148,155.373,Kuril Islands
585,,-11.75,43.38,Middle East and Indian Ocean
586,karymsky,54.049,159.44299999999998,Kamchatka and Mainland Asia
587,kasatochi,52.177,-175.50799999999998,Alaska
588,katla,63.63,-19.05,Iceland and Arctic Ocean
589,katmai,58.28,-154.963,Alaska
590,katunga,-0.47100000000000003,30.191,Africa and Red Sea
591,katwe-kikorongo,-0.08,29.92,Africa and Red Sea
592,kawi-butak,-7.92,112.45,Indonesia
593,kazbek,42.7,44.5,Mediterranean and W. Asia
594,kebeney,57.1,159.93,Kamchatka and Mainland Asia
595,kekurny,56.4,158.85,Kamchatka and Mainland Asia
596,kelimutu,-8.77,121.82,Indonesia
597,kell,51.65,157.35,Kamchatka and Mainland Asia
598,,49.37,125.92,Kamchatka and Mainland Asia
599,kelut,-7.93,112.30799999999999,Indonesia
600,,3.85,97.664,Indonesia
601,kendang,-7.245,107.709,Indonesia
602,,-49.58,69.5,Middle East and Indian Ocean
603,kerinci,-1.6969999999999998,101.264,Indonesia
604,,47.35,152.475,Kuril Islands
605,khangar,54.761,157.407,Kamchatka and Mainland Asia
606,khanuy_gol,48.67,102.75,Kamchatka and Mainland Asia
607,,49.12,154.50799999999998,Kuril Islands
608,khodutka,52.062,157.711,Kamchatka and Mainland Asia
609,kialagvik,57.203,-156.745,Alaska
610,kikhpinych,54.489,160.251,Kamchatka and Mainland Asia
611,kilauea,19.421,-155.287,Hawaii and Pacific Ocean
612,kilimanjaro,3.07,37.35,Africa and Red Sea
613,kinenin,57.35,160.97,Kamchatka and Mainland Asia
614,kiska,52.103,177.602,Alaska
615,kizimen,55.131,160.32,Kamchatka and Mainland Asia
616,klabat,1.454,125.031,Indonesia
617,klyuchevskoy,56.056000000000004,160.642,Kamchatka and Mainland Asia
618,kolbeinsey_ridge,66.67,-18.5,Iceland and Arctic Ocean
619,kolokol_group,46.042,150.05,Kuril Islands
620,komarov,55.033,160.725,Kamchatka and Mainland Asia
621,kone,8.8,39.692,Africa and Red Sea
622,koniuji,52.22,-175.13,Alaska
623,,63.6,-170.43,Alaska
624,korath_range,5.1,35.88,Africa and Red Sea
625,korosi,0.77,36.12,Africa and Red Sea
626,korovin,52.332,-174.137,Alaska
627,koryaksky,53.321000000000005,158.71200000000002,Kamchatka and Mainland Asia
628,,36.852,27.250999999999998,Mediterranean and W. Asia
629,koshelev,51.356,156.753,Kamchatka and Mainland Asia
630,kostakan,53.83,158.05,Kamchatka and Mainland Asia
631,kozyrevsky,55.58,158.38,Kamchatka and Mainland Asia
632,krafla,65.73,-16.78,Iceland and Arctic Ocean
633,krainy,56.37,159.03,Kamchatka and Mainland Asia
634,krakatau,-6.102,105.42299999999999,Indonesia
635,krasheninnikov,54.596000000000004,160.27,Kamchatka and Mainland Asia
636,kronotsky,54.753,160.533,Kamchatka and Mainland Asia
637,krysuvik,63.93,-22.1,Iceland and Arctic Ocean
638,ksudach,51.843999999999994,157.572,Kamchatka and Mainland Asia
639,kukak,58.453,-154.355,Alaska
640,kula,38.58,28.52,Mediterranean and W. Asia
641,kulkev,56.37,158.37,Kamchatka and Mainland Asia
642,kunlun_volcanic_group,35.52,80.2,Kamchatka and Mainland Asia
643,,48.75,154.02,Kuril Islands
644,,-2.274,101.48299999999999,Indonesia
645,,56.011,-159.797,Alaska
646,kurile_lake,51.45,15.12,Kamchatka and Mainland Asia
647,kurub,11.88,41.21,Africa and Red Sea
648,kutum_volcanic_field,14.57,25.85,Africa and Red Sea
649,kverkfjoll,64.65,-1.72,Iceland and Arctic Ocean
650,kyatwa,0.45,30.25,Africa and Red Sea
651,kyejo,-9.229,33.792,Africa and Red Sea
652,,-11.47,43.33,Middle East and Indian Ocean
653,la_malinche,19.230999999999998,-98.03200000000001,Mexico and Central America
654,la_negrillar,-24.319000000000003,-68.59,South America
655,,28.57,-17.83,Atlantic Ocean
656,,8.47,-80.82,Mexico and Central America
657,,19.33,-97.25,Mexico and Central America
658,,14.02,122.792,Philippines and SE Asia
659,,-23.8,-67.5,South America
660,laguna_aramuaca,12.427999999999999,-88.105,Mexico and Central America
661,laguna_blanca,-39.02,-70.37,South America
662,laguna_caldera,14.42,121.27,Philippines and SE Asia
663,laguna_del_maule,-36.058,-70.492,South America
664,laguna_jayu_khota,-19.463,-67.432,South America
665,laguna_marinaqui,-38.255,-71.167,South America
666,,-23.252,-67.71,South America
667,lake_yojoa,14.98,-87.98,Mexico and Central America
668,lamongan,-7.979,113.34200000000001,Indonesia
669,langjokull,64.85,-19.7,Iceland and Arctic Ocean
670,langjokull,51.885,-178.146,Alaska
671,,-39.637,-71.502,South America
672,lanzarote,29.03,-13.63,Atlantic Ocean
673,,-18.02,-69.08,South America
674,larderello,43.25,10.87,Mediterranean and W. Asia
675,larderello,43.25,10.87,Mediterranean and W. Asia
676,las_cumbres,19.15,-97.27,Mexico and Central America
677,las_lajas,12.3,-85.73,Mexico and Central America
678,las_pilas,12.495,-86.68799999999999,Mexico and Central America
679,lascar,-23.37,-67.73,South America
680,lassen_volcanic_center,40.492,-121.508,Canada and Western USA
681,lastarria,-25.168000000000003,-68.507,South America
682,latukan,7.65,124.45,Philippines and SE Asia
683,lautaro,-49.02,-73.55,South America
684,lavic_lake,34.75,-116.625,Canada and Western USA
685,lawu,-7.625,111.19200000000001,Indonesia
686,,20.78,110.17,Philippines and SE Asia
687,,-23.55,-67.77,South America
688,leonard_range,7.382000000000001,126.04700000000001,Philippines and SE Asia
689,leroboleng,-8.365,122.833,Indonesia
690,,-56.656000000000006,-28.14,Antarctica
691,,58.4,58.4,Kamchatka and Mainland Asia
692,leutongey,57.3,159.83,Kamchatka and Mainland Asia
693,level_mountain,58.42,-131.35,Canada and Western USA
694,lewotobi,-8.542,122.775,Indonesia
695,lewotolo,-8.272,123.505,Indonesia
696,,-17.87,-69.48,South America
697,liamuiga,17.37,-62.8,West Indies
698,licancabur,-22.83,-67.88,South America
699,,-1.78,-78.613,South America
700,,-22.18,-67.95,South America
701,lipari,38.48,14.95,Mediterranean and W. Asia
702,,51.95,178.543,Alaska
703,ljosufjoll,64.87,-22.23,Iceland and Arctic Ocean
704,llaima,-38.692,-71.729,South America
705,,-35.75,-69.25,South America
706,llullaillaco,-24.72,-68.53,South America
707,,18.92,-155.27,Hawaii and Pacific Ocean
708,lokon-empung,1.358,124.792,Indonesia
709,lomas_blancas,-36.286,-71.009,South America
710,,37.7,-118.87,Canada and Western USA
711,longgang_group,42.33,126.5,Kamchatka and Mainland Asia
712,longonot,-0.914,36.446,Africa and Red Sea
713,lonquimay,-38.379,-71.586,South America
714,los_atlixcos,19.809,-96.52600000000001,Mexico and Central America
715,,19.85,-100.63,Mexico and Central America
716,los_humeros,19.68,-97.45,Mexico and Central America
717,,-27.27,-69.0,South America
718,,-23.13,-67.37,South America
719,,22.28,95.1,Philippines and SE Asia
720,lubukraya,1.4780000000000002,99.209,Indonesia
721,ma_alalta,13.013,40.185,Africa and Red Sea
722,maca,-45.1,-73.17,South America
723,,-30.2,-178.47,New Zealand to Fiji
724,,-28.98,-140.25,Hawaii and Pacific Ocean
725,machin,4.487,-75.389,South America
726,,32.73,-16.97,Atlantic Ocean
727,mageik,58.195,-155.253,Alaska
728,mahagnao,10.882,124.88799999999999,Philippines and SE Asia
729,mahawu,1.3519999999999999,124.865,Indonesia
730,maipo,-34.164,-69.832,South America
731,makaturing,7.647,124.32,Philippines and SE Asia
732,makian,0.32,127.4,Indonesia
733,makushin,53.891000000000005,-166.923,Alaska
734,,13.415999999999999,123.60799999999999,Philippines and SE Asia
735,malindang,8.22,123.63,Philippines and SE Asia
736,malindig,13.24,122.01799999999999,Philippines and SE Asia
737,malintang,0.47,99.67,Indonesia
738,maly_payalpan,55.82,157.98,Kamchatka and Mainland Asia
739,maly_semyachik,54.135,159.674,Kamchatka and Mainland Asia
740,mammoth_mountain,37.631,-119.03200000000001,Canada and Western USA
741,manda_gargori,11.75,41.48,Africa and Red Sea
742,manda_hararo,12.17,40.82,Africa and Red Sea
743,manda-inakir,12.38,42.2,Africa and Red Sea
744,mandalagan,10.65,123.25,Philippines and SE Asia
745,,-5.542999999999999,130.303,Indonesia
746,,23.92,5.83,Africa and Red Sea
747,marapi,-0.381,100.473,Indonesia
748,mare,0.57,127.4,Indonesia
749,,-46.9,37.75,Middle East and Indian Ocean
750,mariveles,14.52,120.47,Philippines and SE Asia
751,markagunt_plateau,37.58,-122.67,Canada and Western USA
752,maroa,-38.42,176.33,New Zealand to Fiji
753,marsabit,2.32,37.97,Africa and Red Sea
754,martin,58.172,-155.361,Alaska
755,masaraga,13.32,123.6,Philippines and SE Asia
756,masaya,11.984000000000002,-86.161,Mexico and Central America
757,mascota_volcanic_field,20.62,-104.83,Mexico and Central America
758,mashkovtsev,51.1,156.72,Kamchatka and Mainland Asia
759,mat_ala,13.106,41.161,Africa and Red Sea
760,matutum,6.37,125.07,Philippines and SE Asia
761,mauna_kea,19.82,-155.47,Hawaii and Pacific Ocean
762,mauna_loa,19.475,-155.608,Hawaii and Pacific Ocean
763,mayon,13.257,123.685,Philippines and SE Asia
764,mayor_island,-37.28,176.25,New Zealand to Fiji
765,,-12.83,45.17,Middle East and Indian Ocean
766,,-53.03,72.6,Middle East and Indian Ocean
767,meager,50.63,-1235.0,Canada and Western USA
768,medicine_lake,41.611000000000004,-121.554,Canada and Western USA
769,mega_basalt_field,4.08,37.42,Africa and Red Sea
770,,-17.874000000000002,-148.06799999999998,Hawaii and Pacific Ocean
771,meidob_volcanic_field,15.32,26.47,Africa and Red Sea
772,,-74.35,149.7,Antarctica
773,melimoyu,-44.08,-72.88,South America
774,,-62.02,-57.67,Antarctica
775,menengai,-0.2,36.07,Africa and Red Sea
776,mentolat,-44.7,-73.08,South America
777,merapi,-7.54,110.446,Indonesia
778,merbabu,-7.454,110.44,Indonesia
779,meru,-3.25,36.75,Africa and Red Sea
780,methana,37.615,23.336,Mediterranean and W. Asia
781,meullin,-45.22,-73.05,South America
782,mezhdusopochny,57.47,126.25,Kamchatka and Mainland Asia
783,,-57.787,-26.46,Antarctica
784,,-57.8,-26.483,Antarctica
785,michinmahuida,-42.799,-72.445,South America
786,michoacan-guanajuato,19.85,-101.75,Mexico and Central America
787,middle_gobi,45.28,106.7,Kamchatka and Mainland Asia
788,milbanke_sound_group,52.5,-128.73,Canada and Western USA
789,milna,46.815,151.786,Kuril Islands
790,milos,36.699,24.439,Mediterranean and W. Asia
791,miniques,-23.82,-67.77,South America
792,miravalles,10.748,-85.15299999999999,Mexico and Central America
793,,-23.67,-67.72,South America
794,mocho-choshuenco,-39.927,-72.027,South America
795,moekeshiwan,44.608000000000004,146.994,Kuril Islands
796,moffett,51.943999999999996,-176.747,Alaska
797,,0.13,-78.27,South America
798,mombacho,11.825999999999999,-85.96799999999999,Mexico and Central America
799,momotombo,12.422,-86.54,Mexico and Central America
800,,37.6,-25.88,Atlantic Ocean
801,mono-inyo_craters,37.88,-119.0,Canada and Western USA
802,mono_lake_volcanic_field,38.0,-119.03,Canada and Western USA
803,,-25.886999999999997,-177.188,New Zealand to Fiji
804,,-58.42,-26.33,Antarctica
805,monte_burney,-52.33,-73.4,South America
806,morne_aux_diables,15.612,-61.43,West Indies
807,morne_diablotins,15.503,-61.397,West Indies
808,,15.255,-61.341,West Indies
809,,15.37,-61.33,West Indies
810,,15.307,-61.305,West Indies
811,,-78.5,163.53,Antarctica
812,moti,0.45399999999999996,127.411,Indonesia
813,,-18.325,-148.525,Hawaii and Pacific Ocean
814,mousa_alli,12.47,42.4,Africa and Red Sea
815,,-37.858000000000004,176.98,New Zealand to Fiji
816,moyorodake,45.388999999999996,148.838,Kuril Islands
817,moyuta,14.03,-90.1,Mexico and Central America
818,muhavura,-1.383,29.678,Africa and Red Sea
819,muria,-6.62,110.88,Indonesia
820,musuan,7.877000000000001,125.068,Philippines and SE Asia
821,mutnovsky,52.449,158.196,Kamchatka and Mainland Asia
822,nabro,13.37,41.7,Africa and Red Sea
823,namarunu,1.98,36.43,Africa and Red Sea
824,naolinco_volcanic_field,19.67,-96.75,Mexico and Central America
825,natib,14.72,120.4,Philippines and SE Asia
826,nazko,52.9,-123.72,Canada and Western USA
827,nejapa-miraflores,12.12,-86.32,Mexico and Central America
828,,49.57,154.808,Kuril Islands
829,nemrut_dagi,38.654,42.229,Mediterranean and W. Asia
830,,-17.92,-68.92,South America
831,nevado_chachani,-16.191,-71.53,South America
832,nevado_de_incahuasi,-27.033,-68.296,South America
833,nevado_de_longavi,-36.193000000000005,-71.161,South America
834,,-33.52,-69.83,South America
835,nevado_de_toluca,19.108,-99.758,Mexico and Central America
836,nevado_del_huila,2.93,-76.03,South America
837,nevado_del_ruiz,4.8919999999999995,-75.324,South America
838,,-18.1,-68.88,South America
839,nevado_del_tolima,4.658,-75.33,South America
840,,-24.309,-66.732,South America
841,nevados_casiri,-17.47,-69.813,South America
842,,-39.17,-70.53,South America
843,nevados_de_chillan,-36.863,-71.377,South America
844,,-15.23,-72.63,South America
845,nevados_ojos_del_salado,-27.109,-68.541,South America
846,nevis_peak,17.15,-62.58,West Indies
847,newberry,43.722,-121.229,Canada and Western USA
848,,7.25,13.67,Africa and Red Sea
849,ngozi,-8.988999999999999,33.554,Africa and Red Sea
850,,-37.42,-12.48,Atlantic Ocean
851,,-6.73,129.5,Indonesia
852,nishihitokappuyama,44.833,147.342,Kuril Islands
853,nisyros,36.586,27.16,Mediterranean and W. Asia
854,,42.67,-126.78,Hawaii and Pacific Ocean
855,north_island,4.07,36.05,Africa and Red Sea
856,,16.55,-105.32,Hawaii and Pacific Ocean
857,,15.83,-105.43,Hawaii and Pacific Ocean
858,,-34.67,-69.0,South America
859,,-13.32,48.48,Middle East and Indian Ocean
860,novarupta,58.27,-155.157,Alaska
861,,60.02,-166.33,Alaska
862,nyambeni_hills,0.23,37.87,Africa and Red Sea
863,nyamuragira,-1.4080000000000001,29.2,Africa and Red Sea
864,nyiragongo,-1.52,29.25,Africa and Red Sea
865,nylgimelkin,57.97,160.65,Kamchatka and Mainland Asia
866,oa_caldera,7.47,38.58,Africa and Red Sea
867,,-20.58,-68.45,South America
868,odamoisan,45.026,147.922,Kuril Islands
869,okataina,-38.12,176.5,New Zealand to Fiji
870,okmok,53.43,-168.13,Alaska
871,oku_volcanic_field,6.25,10.5,Africa and Red Sea
872,ol_doinyo_eburru,-0.65,36.22,Africa and Red Sea
873,ol_doinyo_lengai,-2.764,35.914,Africa and Red Sea
874,ol_kokwe,0.62,36.075,Africa and Red Sea
875,olca-paruma,-20.939,-68.413,South America
876,olkaria,-0.904,36.292,Africa and Red Sea
877,olkoviy_volcanic_group,52.02,157.53,Kamchatka and Mainland Asia
878,ollague,-21.3,-68.18,South America
879,olot_volcanic_field,42.17,2.53,Mediterranean and W. Asia
880,opala,52.543,157.339,Kamchatka and Mainland Asia
881,oraefajokull,64.0,-16.65,Iceland and Arctic Ocean
882,orosi,10.98,-85.473,Mexico and Central America
883,osorno,-41.105,-72.49600000000001,South America
884,ostanets,52.146,157.322,Kamchatka and Mainland Asia
885,ostry,58.18,160.82,Kamchatka and Mainland Asia
886,otdelniy,52.22,157.428,Kamchatka and Mainland Asia
887,ozernoy,5.88,157.38,Kamchatka and Mainland Asia
888,pacaya,14.380999999999998,-90.601,Mexico and Central America
889,,9.593,125.52,Philippines and SE Asia
890,paka,0.92,36.18,Africa and Red Sea
891,,-43.78,-72.47,South America
892,,-52.082,-69.69800000000001,South America
893,,39.48,14.83,Mediterranean and W. Asia
894,palomo,-34.608000000000004,-70.295,South America
895,paluweh,-8.32,121.708,Indonesia
896,pampa_luxsar,-20.85,-68.2,South America
897,panarea,38.63,15.07,Mediterranean and W. Asia
898,,13.722999999999999,120.89299999999999,Philippines and SE Asia
899,,-22.059,-68.22800000000001,South America
900,pantelleria,36.77,12.02,Mediterranean and W. Asia
901,papandayan,-7.32,107.73,Indonesia
902,papayo,19.308,-98.7,Mexico and Central America
903,parinacota,-18.166,-69.142,South America
904,parker,6.1129999999999995,124.89200000000001,Philippines and SE Asia
905,patah,-4.27,103.3,Indonesia
906,,-18.05,-69.03,South America
907,patoc,17.147000000000002,120.98,Philippines and SE Asia
908,patuha,-7.16,107.4,Indonesia
909,,-63.57899999999999,-55.78,Antarctica
910,,55.417,-161.894,Alaska
911,,55.457,-161.85399999999998,Alaska
912,payun_matru,-36.422,-69.241,South America
913,peinado,-26.623,-68.116,South America
914,,14.809000000000001,-61.165,West Indies
915,penanggungan,-7.6160000000000005,112.62,Indonesia
916,,-2.82,102.02,Indonesia
917,,-62.1,-84.93,Antarctica
918,perbakti-gagak,-6.75,106.7,Indonesia
919,,1.666,-76.814,South America
920,,-68.85,-90.58,Antarctica
921,peuet_sague,4.914,96.329,Indonesia
922,pico,38.47,-28.4,Atlantic Ocean
923,pico_de_orizaba,19.03,-97.27,Mexico and Central America
924,,38.75,-38.08,Atlantic Ocean
925,,37.78,-25.67,Atlantic Ocean
926,,-26.4,-68.75,South America
927,,55.42,167.33,Kamchatka and Mainland Asia
928,pinacate,31.772,-113.49799999999999,Mexico and Central America
929,pinatubo,15.13,120.35,Philippines and SE Asia
930,,-38.679,-70.814,South America
931,piratkovsky,52.113,157.849,Kamchatka and Mainland Asia
932,,-21.244,55.708,Middle East and Indian Ocean
933,planchon-peteroa,-35.223,-70.568,South America
934,platanar,10.3,-84.366,Mexico and Central America
935,,-72.67,159.5,Antarctica
936,plosky,55.2,158.47,Kamchatka and Mainland Asia
937,,57.83,160.25,Kamchatka and Mainland Asia
938,pocdol_mountains,13.05,123.958,Philippines and SE Asia
939,pogranychny,56.85,159.8,Kamchatka and Mainland Asia
940,,20.92,95.25,Philippines and SE Asia
941,popocatepetl,19.023,-98.62200000000001,Mexico and Central America
942,,-23.02,-67.05,South America
943,porak,40.028,45.74,Mediterranean and W. Asia
944,,-19.958,-68.73,South America
945,,-23.2,-67.67,South America
946,prestahnukur,64.6,-20.58,Iceland and Arctic Ocean
947,prevo_peak,47.02,152.12,Kuril Islands
948,,-46.63,37.95,Middle East and Indian Ocean
949,,-56.013999999999996,-28.246,Antarctica
950,,-35.78,-70.48,South America
951,pular,-24.188000000000002,-68.054,South America
952,,5.82,95.28,Indonesia
953,pulosari,-6.3420000000000005,105.975,Indonesia
954,pululagua,0.038,-78.46300000000001,South America
955,,26.517,-111.444,Mexico and Central America
956,puntiagudo_cordon_cenizos,-40.968999999999994,-72.264,South America
957,purace,2.32,-76.4,South America
958,purico_complex,-23.0,-67.75,South America
959,putana,-22.557,-67.85300000000001,South America
960,puyehue_cordon_caulle,-40.59,-72.117,South America
961,puyuhuapi,-44.3,-72.53,South America
962,,29.4,57.57,Middle East and Indian Ocean
963,qualibou,13.83,-61.06,West Indies
964,,-22.25,-67.42,South America
965,quetrupillan,-39.5,-71.7,South America
966,quezaltepeque,14.57,-89.45,Mexico and Central America
967,,17.477999999999998,-62.96,West Indies
968,quilotoa,-0.85,-78.9,South America
969,quimsachata,-14.2,-71.33,South America
970,,-39.68,-72.008,South America
971,ragang,7.7,124.5,Philippines and SE Asia
972,,48.292,153.25,Kuril Islands
973,rainier,46.853,-121.76,Canada and Western USA
974,rajabasa,-5.78,105.625,Indonesia
975,rakkibetsudake,45.5,148.85,Kuril Islands
976,ranakah,-8.62,120.52,Indonesia
977,ranau,-4.83,103.92,Indonesia
978,,-29.27,-201.92,New Zealand to Fiji
979,,47.77,153.02,Kuril Islands
980,raung,-8.119,114.056,Indonesia
981,raususan,43.979,145.733,Kuril Islands
982,,53.157,-168.53900000000002,Alaska
983,reclus,-50.964,-73.585,South America
984,,60.485,-152.74200000000002,Alaska
985,reporoa,-38.42,176.33,New Zealand to Fiji
986,reporoa,-37.52,158.18,New Zealand to Fiji
987,resago,-36.45,-70.92,South America
988,reventador,-0.077,-77.656,South America
989,reykjanes,63.88,-22.5,Iceland and Arctic Ocean
990,riendengan-sempu,1.13,124.758,Indonesia
991,rincon_de_la_vieja,10.83,-85.324,Mexico and Central America
992,rinjani,-8.42,116.47,Indonesia
993,,-46.17,-72.708,South America
994,risco_plateado,-34.917,-69.98100000000001,South America
995,,-73.45,165.5,Antarctica
996,,-33.658,-78.85,South America
997,,-17.662,-148.586,Hawaii and Pacific Ocean
998,,-18.8,-68.3,South America
999,,-0.433,-19.596,Atlantic Ocean
1000,romanovka,55.65,158.8,Kamchatka and Mainland Asia
1001,romeral,5.202999999999999,-75.363,South America
1002,rota,12.55,-86.75,Mexico and Central America
1003,,-38.08,176.27,New Zealand to Fiji
1004,,54.8,-163.589,Alaska
1005,,-78.25,163.33,Antarctica
1006,,2.3,125.37,Indonesia
1007,ruapehu,-39.28,175.57,New Zealand to Fiji
1008,rucharuyama,45.25,148.35,Kuril Islands
1009,rudakov,45.873999999999995,149.819,Kuril Islands
1010,,-35.353,178.52700000000002,New Zealand to Fiji
1011,,-35.745,178.47799999999998,New Zealand to Fiji
1012,,-36.13,178.05,New Zealand to Fiji
1013,,-36.141999999999996,178.196,New Zealand to Fiji
1014,rungwe,-9.135,33.67,Africa and Red Sea
1015,ruruidake,44.45399999999999,146.139,Kuril Islands
1016,,17.63,-63.23,West Indies
1017,sabalan,38.268,47.835,Middle East and Indian Ocean
1018,sabancaya,-15.787,-71.857,South America
1019,sahand,37.75,46.43,Middle East and Indian Ocean
1020,sairecabur,-22.72,-67.892,South America
1021,,-26.47,-105.47,South America
1022,salak,-6.72,106.73,Indonesia
1023,salton_buttes,33.2,-115.62,Canada and Western USA
1024,samsari_volcanic_center,41.542,43.7,Mediterranean and W. Asia
1025,san_borja_volcanic_field,28.5,-113.75,Mexico and Central America
1026,san_carlos,3.35,8.52,none
1027,san_cristobal,12.702,-87.00399999999999,Mexico and Central America
1028,san_diego,14.27,-89.48,Mexico and Central America
1029,,-26.294,-80.112,South America
1030,,-26.9,-68.27,South America
1031,san_francisco_volcanic_field,35.347,-111.678,Canada and Western USA
1032,san_joaquin,3.35,8.63,Africa and Red Sea
1033,san_jorge,38.65,-28.08,Atlantic Ocean
1034,san_jose,-33.789,-69.895,South America
1035,san_martin,18.57,-95.2,Mexico and Central America
1036,san_miguel,13.434000000000001,-88.26899999999999,Mexico and Central America
1037,san_pablo_volcanic_field,14.12,121.3,Philippines and SE Asia
1038,san_pedro_pellado,-35.989000000000004,-70.84899999999999,South America
1039,san_pedro_san_pablo,-21.888,-68.391,South America
1040,,30.468000000000004,-115.99600000000001,Mexico and Central America
1041,san_salvador,13.734000000000002,-89.294,Mexico and Central America
1042,san_vicente,13.595,-88.837,Mexico and Central America
1043,sand_mountain_field,44.38,121.93,Canada and Western USA
1044,,62.22,-144.13,Alaska
1045,sanganguey,21.45,-104.73,Mexico and Central America
1046,sangay,-2.005,-78.34100000000001,South America
1047,sangeang_api,-8.2,119.07,Indonesia
1048,santa_ana,13.853,-89.63,Mexico and Central America
1049,santa_isabel,3.58,8.75,Africa and Red Sea
1050,,4.8180000000000005,-75.365,South America
1051,santa_maria,14.755999999999998,-91.552,Mexico and Central America
1052,santa_maria,42.88,-113.22,Canada and Western USA
1053,,14.71,-91.479,Mexico and Central America
1054,,16.33,120.55,Philippines and SE Asia
1055,santorini,36.404,25.396,Mediterranean and W. Asia
1056,,16.85,-24.97,Atlantic Ocean
1057,sara_sara,-15.33,-73.45,South America
1058,sarik-gajah,0.08,100.2,Indonesia
1059,,48.092,153.2,Kuril Islands
1060,sashiusudake,45.1,148.019,Kuril Islands
1061,,52.47,-124.7,Canada and Western USA
1062,schmidt,54.92,160.63,Kamchatka and Mainland Asia
1063,,-65.03,-60.05,Antarctica
1064,sedankinsky,57.27,160.08,Kamchatka and Mainland Asia
1065,segererua_plateau,1.57,37.9,Africa and Red Sea
1066,segererua_plateau,1.57,37.9,Africa and Red Sea
1067,seguam,52.315,-172.51,Alaska
1068,segula,52.015,178.136,Alaska
1069,sekincau_belirang,-5.107,104.31700000000001,Indonesia
1070,semeru,-8.107999999999999,112.92200000000001,Indonesia
1071,,51.93,179.58,Alaska
1072,serdan-oriental,19.27,-97.47,Mexico and Central America
1073,,52.05,-174.95,Alaska
1074,,-6.312,130.017,Indonesia
1075,,37.87,-25.78,Atlantic Ocean
1076,seulawah_agam,5.4479999999999995,95.65799999999999,Indonesia
1077,severny,58.28,160.87,Kamchatka and Mainland Asia
1078,sharat_kovakab,36.53,40.85,Middle East and Indian Ocean
1079,shasta,41.409,-122.193,Canada and Western USA
1080,sheveluch,56.653,161.36,Kamchatka and Mainland Asia
1081,,50.2,154.98,Kuril Islands
1082,,54.756,-163.97,Alaska
1083,shisheika,57.15,161.08,Kamchatka and Mainland Asia
1084,shishel,57.45,160.37,Kamchatka and Mainland Asia
1085,sibualbuali,1.556,99.255,Indonesia
1086,,20.62,-103.52,Mexico and Central America
1087,sierra_negra,-0.83,-91.17,South America
1088,,-38.58,-71.58,South America
1089,,-26.48,-68.58,South America
1090,,47.0,137.5,Kamchatka and Mainland Asia
1091,silali,1.15,36.23,Africa and Red Sea
1092,silay,10.77,123.23,Philippines and SE Asia
1093,,40.731,-121.84100000000001,Canada and Western USA
1094,silverthrone,51.43,-126.3,Canada and Western USA
1095,sinabung,3.17,98.39200000000001,Indonesia
1096,,48.875,154.175,Kuril Islands
1097,singkut,3.248,98.501,Indonesia
1098,,22.7,95.98,Philippines and SE Asia
1099,,-73.43,-126.67,Antarctica
1100,sirung,-8.508,124.13,Indonesia
1101,slamet,-7.242000000000001,109.208,Indonesia
1102,snaefellsjokull,64.8,-23.78,Iceland and Arctic Ocean
1103,snegovoy,58.2,160.97,Kamchatka and Mainland Asia
1104,snezhniy,58.02,160.8,Kamchatka and Mainland Asia
1105,snowy_mountain,58.336000000000006,-154.68200000000002,Alaska
1106,soche,0.552,-77.58,South America
1107,socompa,-24.396,-68.24600000000001,South America
1108,,18.78,-110.95,Mexico and Central America
1109,soda_lakes,39.53,-118.87,Canada and Western USA
1110,soda_lakes,39.53,-118.87,Canada and Western USA
1111,sodore,8.43,39.35,Africa and Red Sea
1112,,15.4,-72.9,South America
1113,sollipulli,-38.97,-71.52,South America
1114,soputan,1.112,124.73700000000001,Indonesia
1115,,-34.986999999999995,-70.456,South America
1116,sorikmarapi,0.6859999999999999,99.539,Indonesia
1117,sotara,2.108,-76.592,South America
1118,soufriere_guadeloupe,16.044,-61.663999999999994,West Indies
1119,soufriere_hills,16.72,-62.18,West Indies
1120,soufriere_st._vincent,13.33,-61.18,West Indies
1121,south_island,2.63,36.6,Africa and Red Sea
1122,,-59.442,-27.225,Antarctica
1123,,-59.458,-27.186,Antarctica
1124,spectrum_range,57043.0,-130.68,Canada and Western USA
1125,spokoiny,58.13,160.82,Kamchatka and Mainland Asia
1126,,61.299,-152.251,Alaska
1127,,47.6,140.92,Kuril Islands
1128,st._catherine,12.15,-61.67,West Indies
1129,st._helens,46.2,-122.18,Canada and Western USA
1130,,63.45,-162.12,Alaska
1131,,-38.72,77.53,Middle East and Indian Ocean
1132,,57.18,-170.3,Alaska
1133,,39.375,-119.72,Canada and Western USA
1134,steller,58.43,-154.4,Alaska
1135,,55.913000000000004,-160.041,Alaska
1136,,55.928999999999995,-160.002,Alaska
1137,,55.95399999999999,-159.797,Alaska
1138,stromboli,38.789,15.213,Mediterranean and W. Asia
1139,,-67.4,164.83,Antarctica
1140,suchitan,14.4,-89.78,Mexico and Central America
1141,sukaria_caldera,-8.792,121.77,Indonesia
1142,sumaco,-0.5379999999999999,-77.626,South America
1143,sumbing,-2.414,101.728,Indonesia
1144,,-7.3839999999999995,110.07,Indonesia
1145,sundoro,-7.3,109.992,Indonesia
1146,,-21.98,-67.23,South America
1147,suoh,-5.25,104.27,Indonesia
1148,suswa,-1.175,36.35,Africa and Red Sea
1149,,-8.75,33.8,Africa and Red Sea
1150,taal,14.002,120.993,Philippines and SE Asia
1151,taapaca,-18.1,-69.5,South America
1152,taburete,13.435,-88.53200000000001,Mexico and Central America
1153,tacana,15.132,-92.109,Mexico and Central America
1154,tacora,-17.72,-69.77,South America
1155,taftan,28.6,61.13,Middle East and Indian Ocean
1156,tahalra_volcanic_field,22.67,5.0,Africa and Red Sea
1157,tahual,14.43,-89.9,Mexico and Central America
1158,tajumulco,15.043,-91.90299999999999,Mexico and Central America
1159,,-76.28,-112.08,Antarctica
1160,takawangha,51.873000000000005,-178.00599999999997,Alaska
1161,talagabodas,-7.207999999999999,108.07,Indonesia
1162,talakmau,0.079,99.98,Indonesia
1163,talang,-0.978,100.679,Indonesia
1164,tambo_quemado,-18.62,-68.75,South America
1165,tambora,-8.25,118.0,Indonesia
1166,tampomas,-6.77,107.95,Indonesia
1167,tana,52.83,-169.77,Alaska
1168,tandikat-singgalang,-0.39,100.331,Indonesia
1169,,-36.321,178.028,New Zealand to Fiji
1170,tangkoko-duasudara,1.518,125.185,Indonesia
1171,tangkubanparahu,-6.77,107.6,Indonesia
1172,,49.35,154.7,Kuril Islands
1173,tarakan,1.83,127.83,Indonesia
1174,taranaki,-39.3,174.07,New Zealand to Fiji
1175,tarso_toh,21.33,16.33,Africa and Red Sea
1176,tarso_tousside,21.03,16.45,Africa and Red Sea
1177,tarso_voon,20.92,17.28,Africa and Red Sea
1178,taryatu-chulutu,48.17,99.7,Kamchatka and Mainland Asia
1179,tat_ali,13.284,41.063,Africa and Red Sea
1180,tata_sabaya,-19.13,-68.53,South America
1181,taunshits,54.528,159.804,Kamchatka and Mainland Asia
1182,taupo,-38.82,176.0,New Zealand to Fiji
1183,,-17.564,-148.821,Hawaii and Pacific Ocean
1184,tecapa,13.494000000000002,-88.50200000000001,Mexico and Central America
1185,tecuamburro,14.155999999999999,-90.40700000000001,Mexico and Central America
1186,telica,12.602,-86.845,Mexico and Central America
1187,telomoyo,-7.37,110.4,Indonesia
1188,tenduruk_dagi,39.356,43.873999999999995,Mediterranean and W. Asia
1189,tenerife,28.271,-16.641,Atlantic Ocean
1190,,25.23,98.5,Philippines and SE Asia
1191,tengger_caldera,-7.942,112.95,Indonesia
1192,tenorio,10.673,-85.015,Mexico and Central America
1193,,-6.976,129.144,Indonesia
1194,tepi,7.42,35.43,Africa and Red Sea
1195,terceira,38.73,-27.32,Atlantic Ocean
1196,terpuk,57.2,159.83,Kamchatka and Mainland Asia
1197,the_barrier,2.32,36.57,Africa and Red Sea
1198,,65.88,-16.83,Iceland and Arctic Ocean
1199,three_sisters,44.17,-121.77,Canada and Western USA
1200,,42.5,82.5,Kamchatka and Mainland Asia
1201,ticsani,-16.755,-70.595,South America
1202,tidore,0.6579999999999999,127.4,Indonesia
1203,tigalalu,0.07,127.42,Indonesia
1204,tilocalar,-23.97,-68.13,South America
1205,tin_zaouatene_volcanic_field,19.83,2.83,Africa and Red Sea
1206,tindfjallajokull,63.78,-19.57,Iceland and Arctic Ocean
1207,tinguiririca,-34.814,-70.352,South America
1208,tipas,-27.195999999999998,-68.561,South America
1209,titila,57.4,160.1,Kamchatka and Mainland Asia
1210,,66.3,-17.1,Iceland and Arctic Ocean
1211,tlevak_strait-suemez_is.,55.25,-133.3,Alaska
1212,toba,2.58,98.83,Indonesia
1213,tobaru,1.63,127.67,Indonesia
1214,,-24.2,-66.5,South America
1215,todoko-ranu,1.25,127.47,Indonesia
1216,,17.68,8.5,Africa and Red Sea
1217,tolbachik,55.832,160.326,Kamchatka and Mainland Asia
1218,tolhuaca,-38.31,-71.645,South America
1219,toliman,14.612,-91.189,Mexico and Central America
1220,tolmachev_dol,52.63,157.58,Kamchatka and Mainland Asia
1221,tomariyama,43.843999999999994,145.504,Kuril Islands
1222,,4.75,9.67,Africa and Red Sea
1223,tondano_caldera,1.23,124.83,Indonesia
1224,,-75.8,-115.83,Antarctica
1225,tongariro,-39.157,175.632,New Zealand to Fiji
1226,,30.479,67.492,Middle East and Indian Ocean
1227,torfajokull,63.92,-19.17,Iceland and Arctic Ocean
1228,toroeng_prong,14.93,108.0,Philippines and SE Asia
1229,tosa_sucha,5.93,37.57,Africa and Red Sea
1230,tralihue,-38.509,-70.898,South America
1231,,-27.08,-68.8,South America
1232,tres_virgenes,27.47,-112.59100000000001,Mexico and Central America
1233,tri_sestry,45.93,149.92,Kuril Islands
1234,trident,58.236000000000004,-155.1,Alaska
1235,,-20.514,-29.331,Atlantic Ocean
1236,,-37.092,-12.28,Atlantic Ocean
1237,trolon,-37.738,-70.906,South America
1238,tromen,-37.144,-70.033,South America
1239,tronador,-41.157,-71.885,South America
1240,tseax_river_cone,55.12,-128.9,Canada and Western USA
1241,tshibinda,-2.32,28.75,Africa and Red Sea
1242,tskhouk_karckar,39.73,46.02,Mediterranean and W. Asia
1243,tullu_moje,8.158,39.13,Africa and Red Sea
1244,,-23.45,-67.82,South America
1245,tungnafellsjokull,64.73,-17.92,Iceland and Arctic Ocean
1246,tungnafellsjokull,64.75,-17.916,Iceland and Arctic Ocean
1247,tungurahua,-1.4669999999999999,-78.442,South America
1248,tunkin_depression,51.5,102.5,Kamchatka and Mainland Asia
1249,tupungatito,-33.425,-69.797,South America
1250,,-33.359,-69.77,South America
1251,turrialba,10.025,-83.76700000000001,Mexico and Central America
1252,tutupaca,17.026,70.372,South America
1253,tuya_volcanic_field,59.37,-130.58,none
1254,tuya_volcanic_field,59.37,-130.58,Canada and Western USA
1255,tuzgle,-24.05,-66.48,South America
1256,tuzovsky,57.32,159.97,Kamchatka and Mainland Asia
1257,ubehebe_craters,37.02,-117.45,Canada and Western USA
1258,ubinas,-16.355,-70.903,South America
1259,udina,55.755,160.52700000000002,Kamchatka and Mainland Asia
1260,udokan_plateau,56.28,117.77,Kamchatka and Mainland Asia
1261,ugashik-peulik,57.751000000000005,-156.368,Alaska
1262,uinkaret_field,36.38,-133.13,Canada and Western USA
1263,uka,57.7,160.58,Kamchatka and Mainland Asia
1264,ukinrek_maars,57.832,-156.51,Alaska
1265,uksichan,56.08,158.38,Kamchatka and Mainland Asia
1266,uliaga,53.065,-169.77,Alaska
1267,ulreung,37.5,130.87,Kamchatka and Mainland Asia
1268,ungaran,-7.18,110.33,Indonesia
1269,,57.87,-155.42,Alaska
1270,,36.67,37.0,Middle East and Indian Ocean
1271,,33.0,36.63,Middle East and Indian Ocean
1272,,5.62,38.95,Africa and Red Sea
1273,,8.7,39.63,Africa and Red Sea
1274,,39.38,44.988,Middle East and Indian Ocean
1275,,28.17,60.67,Middle East and Indian Ocean
1276,,8.07,39.07,Africa and Red Sea
1277,,5.65,37.67,Africa and Red Sea
1278,,45.022,147.019,Kuril Islands
1279,,-76.83,163.0,Antarctica
1280,,-73.45,164.58,Antarctica
1281,,52.57,157.02,Kamchatka and Mainland Asia
1282,,10.73,-103.58,Hawaii and Pacific Ocean
1283,,9.83,-104.3,Hawaii and Pacific Ocean
1284,,52.92,158.52,Kamchatka and Mainland Asia
1285,,-8.27,-107.95,Hawaii and Pacific Ocean
1286,,52.88,158.3,Kamchatka and Mainland Asia
1287,,-25.078000000000003,-68.266,South America
1288,,56.82,158.95,Kamchatka and Mainland Asia
1289,,46.47,151.28,Kuril Islands
1290,,48.08,153.33,Kuril Islands
1291,,20.33,121.75,Philippines and SE Asia
1292,,-32.958,-5.22,Atlantic Ocean
1293,,55.92,161.75,Kamchatka and Mainland Asia
1294,,-8.624,33.583,Africa and Red Sea
1295,uratman,47.12,152.25,Kuril Islands
1296,,47.52,152.8,Kuril Islands
1297,ushkovsky,56.113,160.509,Kamchatka and Mainland Asia
1298,usulutan,13.419,-88.471,Mexico and Central America
1299,,16.12,-86.882,Mexico and Central America
1300,uturuncu,-22.27,-67.18,South America
1301,uzon,54.5,159.97,Kamchatka and Mainland Asia
1302,,34.25,67.97,Middle East and Indian Ocean
1303,,35.87,-106.57,Canada and Western USA
1304,veer,53.75,158.45,Kamchatka and Mainland Asia
1305,,56.17,-159.38,Alaska
1306,verkhovoy,56.52,159.53,Kamchatka and Mainland Asia
1307,,50.55,155.97,Kuril Islands
1308,vestmannaeyjar,63.43,-20.28,Iceland and Arctic Ocean
1309,,9.83,109.05,Philippines and SE Asia
1310,viedma,-49.358000000000004,-73.28,South America
1311,,-18.241,-69.307,South America
1312,villarrica,-39.42,-71.93,South America
1313,vilyuchik,52.7,158.28,Kamchatka and Mainland Asia
1314,visoke,-1.4580000000000002,29.485,Africa and Red Sea
1315,visokiy,52.43,157.93,Kamchatka and Mainland Asia
1316,,53.7,113.3,Kamchatka and Mainland Asia
1317,volcan_azul,12.53,-83.87,Mexico and Central America
1318,,-22.42,-68.02,South America
1319,voyampolsky,58.37,160.62,Kamchatka and Mainland Asia
1320,,53.13,-168.69299999999998,Alaska
1321,vulcano,38.404,14.962,Mediterranean and W. Asia
1322,vulsini,42.6,11.93,Mediterranean and W. Asia
1323,vysoky,55.06399999999999,160.765,Kamchatka and Mainland Asia
1324,,-77.17,-126.88,Antarctica
1325,wai_sano,-8.72,120.02,Indonesia
1326,,-7.212999999999999,107.637,Indonesia
1327,wells_gray-clearwater,52.33,-1230.57,Canada and Western USA
1328,west_crater,45.88,-122.08,Canada and Western USA
1329,west_eifel_volcanic_field,50.17,6.85,Mediterranean and W. Asia
1330,,48.78,-128.64,Hawaii and Pacific Ocean
1331,westdahl,54.518,-164.65,Alaska
1332,whangarei,-35.75,174.27,New Zealand to Fiji
1333,wilis,-7.808,111.758,Indonesia
1334,,62.0,-144.02,Alaska
1335,,-31.85,-179.18,New Zealand to Fiji
1336,,48.72,126.12,Kamchatka and Mainland Asia
1337,,-7.125,128.675,Indonesia
1338,,41.33,128.0,Kamchatka and Mainland Asia
1339,yali,36.671,27.14,Mediterranean and W. Asia
1340,yangudi,10.58,41.042,Africa and Red Sea
1341,yantarni,57.019,-157.185,Alaska
1342,yanteles,43.497,72.81,South America
1343,yate,-41.755,-72.396,South America
1344,yavinsky,51.57,156.6,Kamchatka and Mainland Asia
1345,yellowstone,44.43,-110.67,Canada and Western USA
1346,,-66.42,163.25,Antarctica
1347,yucamane,-17.184,-70.196,South America
1348,yunaska,52.643,-170.62900000000002,Alaska
1349,zaozerny,56.88,159.95,Kamchatka and Mainland Asia
1350,zapatera,11.73,-85.82,Mexico and Central America
1351,zavaritsky,53.905,158.385,Kamchatka and Mainland Asia
1352,zavaritzki_caldera,46.925,151.95,Kuril Islands
1353,,-56.3,-27.57,Antarctica
1354,zheltovsky,51.577,157.328,Kamchatka and Mainland Asia
1355,zhupanovsky,53.589,159.15,Kamchatka and Mainland Asia
1356,zimina,55.861999999999995,160.60299999999998,Kamchatka and Mainland Asia
1357,zitacuaro-valle_de_bravo,19.4,-100.25,Mexico and Central America
1358,zukur,14.02,42.75,Africa and Red Sea
1359,zuni-bandera,34.8,-108.0,Canada and Western USA
1360,abu,34.5,131.6,
1361,adatarayama,37.647,140.281,
1362,afdera,13.088,40.853,
1363,akagisan,36.56,139.19299999999998,
1364,akan,43.38399999999999,144.013,
1365,akandanayama,36.2,137.57299999999998,
1366,akita-komagatake,39.760999999999996,140.799,
1367,akita-yakeyama,39.964,140.757,
1368,akuseki-jima,29.461,129.597,
1369,aogashima,32.458,139.759,
1370,asamayama,36.406,138.523,
1371,asosan,32.884,131.10399999999998,
1372,ata,31.22,130.57,
1373,atitlan,14.583,-91.186,
1374,azul,-35.653,-70.76100000000001,
1375,azumayama,37.735,140.244,
1376,bandaisan,37.601,140.072,
1377,blup_blup,-3.5069999999999997,144.605,
1378,bola,-5.141,150.03799999999998,
1379,chokaisan,39.099000000000004,140.049,
1380,chuga-ryong,38.33,127.33,
1381,colli_albani,41.73,12.7,
1382,dakataua,-5.093999999999999,150.094,
1383,dallol,14.242,40.3,
1384,darwin,-0.18,-91.28,
1385,dawson_strait_group,-9.62,150.88,
1386,ecuador,-0.02,-91.546,
1387,esan,41.805,141.166,
1388,fujisan,35.361,138.72799999999998,
1389,fukue,32.657,128.849,
1390,garove,-4.692,149.5,
1391,genovesa,0.32,-89.958,
1392,goodenough,-9.48,150.35,
1393,hachijojima,33.137,139.766,
1394,hachimantai,39.958,140.85399999999998,
1395,hakkodasan,40.659,140.877,
1396,hakoneyama,35.233000000000004,139.02100000000002,
1397,hakusan,36.155,136.77100000000002,
1398,hargy,-5.33,151.1,
1399,harunasan,36.477,138.851,
1400,hijiori,38.599000000000004,140.162,
1401,hiuchigatake,36.955,139.285,
1402,hobicha_caldera,6.78,37.83,
1403,hokkaido-komagatake,42.063,140.67700000000002,
1404,hornopiren,-41.873999999999995,-72.431,
1405,hydrographers_range,-9.0,148.37,
1406,iamalele,-9.52,150.53,
1407,iettunup,58.4,161.08,
1408,io-torishima,27.881,128.22299999999998,
1409,iwakisan,40.656,140.303,
1410,iwatesan,39.853,141.001,
1411,izu-oshima,34.724000000000004,139.394,
1412,izu-tobu,34.9,139.09799999999998,
1413,jocotitlan,19.73,-99.758,
1414,kadovar,-3.608,144.588,
1415,karkar,-4.649,145.964,
1416,kikai,30.789,130.308,
1417,kirishimayama,31.934,130.862,
1418,kogaja-jima,29.879,129.625,
1419,koranga,-7.33,146.708,
1420,kozushima,34.219,139.153,
1421,krummel-garbuna-welcker,-5.416,150.02700000000002,
1422,kuchinoerabujima,30.443,130.218,
1423,kuchinoshima,29.968000000000004,129.92600000000002,
1424,kuh-e_nader,28.17,60.67,
1425,kujusan,33.086,131.249,
1426,kurikomayama,38.961,140.78799999999998,
1427,kusatsu-shiranesan,36.618,138.528,
1428,kussharo,43.608000000000004,144.44299999999998,
1429,kuttara,42.49100000000001,141.16,
1430,laacher_see_maar,50.41,7.26,
1431,la_gloria,19.33,-97.25,
1432,lamington,-8.95,148.15,
1433,langila,-5.525,148.42,
1434,lanin,-39.637,-71.502,
1435,liado_hayk,9.57,40.28,
1436,lihir,-3.125,152.642,
1437,lolobau,-4.92,151.158,
1438,loloru,-6.52,155.62,
1439,long_island,-5.358,147.12,
1440,malang_plain,-8.02,112.68,
1441,mallahle,13.27,41.65,
1442,managlase_plateau,-9.08,148.33,
1443,marchena,0.33,-90.47,
1444,maruyama,43.453,143.036,
1445,mashu,43.571999999999996,144.561,
1446,megata,39.95,139.73,
1447,midagahara,36.571,137.59,
1448,mikurajima,33.874,139.602,
1449,miyakejima,34.094,139.526,
1450,mundua,-4.63,149.35,
1451,myokosan,36.891,138.114,
1452,nakanoshima,29.859,129.857,
1453,nantai,36.762,139.494,
1454,naruko,38.729,140.734,
1455,nasudake,37.125,139.963,
1456,niigata-yakeyama,36.921,138.036,
1457,niijima,34.397,139.27,
1458,nikko-shiranesan,36.799,139.376,
1459,niseko,42.88,140.63,
1460,norikuradake,36.106,137.554,
1461,numazawa,37.444,139.566,
1462,oki-dogo,36.176,133.334,
1463,omanago_group,36.795,139.507,
1464,ontakesan,35.893,137.48,
1465,oshima-oshima,41.51,139.36700000000002,
1466,osorezan,41.276,141.124,
1467,poco_leok,-8.68,120.48,
1468,rabaul,-4.271,152.203,
1469,rausudake,44.076,145.122,
1470,red_hill,34.25,-108.83,
1471,ritter_island,-5.519,148.115,
1472,sanbesan,35.139,132.621,
1473,santa_cruz,-0.62,-90.33,
1474,santiago,-0.22,-90.77,
1475,sessagara,-9.48,149.13,
1476,shiga,36.688,138.519,
1477,shikaribetsu_group,43.312,143.096,
1478,shikotsu,42.688,141.38,
1479,shiretoko-iozan,44.133,145.161,
1480,sork_ale,13.18,41.725,
1481,sulu_range,-5.5,150.942,
1482,suwanosejima,29.638,129.714,
1483,taisetsuzan,43.663999999999994,142.85399999999998,
1484,takaharayama,36.9,139.77700000000002,
1485,takuan_group,-6.442,155.608,
1486,tavui,-4.12,152.2,
1487,tenchozan,44.044,145.086,
1488,theistareykir,65.833,-17.166,
1489,tokachidake,43.418,142.686,
1490,tore,-5.83,154.93,
1491,toshima,34.52,139.279,
1492,towada,40.51,140.88,
1493,toya,42.544,140.839,
1494,traitors_head,-18.754,169.238,
1495,ulawun,-5.05,151.33,
1496,umboi,-5.5889999999999995,147.875,
1497,unzendake,32.760999999999996,130.299,
1498,victory,-9.2,149.07,
1499,waiowa,-9.57,149.075,
1500,washiba-kumonotaira,36.408,137.594,
1501,witori,-5.5760000000000005,150.516,
1502,wolf,0.02,-91.35,
1503,yakedake,36.227,137.58700000000002,
1504,yasur,-19.532,169.447,
1505,yokoate-jima,28.796999999999997,128.997,
1506,yokodake,36.086999999999996,138.32,
1507,yonemaru-sumiyoshiike,31.771,130.592,
1508,yoteizan,42.827,140.812,
1509,yufu-tsurumi,33.282,131.39,
1510,zaozan,38.144,140.44,
1511,poas,10.2,-84.23299999999999,
1512,tanaga,51.885,-178.146,
1513,vesuvius,40.821,14.425999999999998,
1514,wapi_lava_field,42.88,-113.22,
1515,white_island,-37.52,177.18,
